Code,OCCUPATION,C_W_ O Context,E_D_I Context,P_P Context,Overall Risk Score
29-1069.01,Allergists and Immunologists,100,95,84,93.0
29-1011.00,Chiropractors,100,53,96,83.0
29-2021.00,Dental Hygienists,100,100,100,100.0
29-1069.02,Dermatologists,100,93,98,97.0
11-9031.00,"Education Administrators, Preschool and Childcare Center/Program",100,40,75,71.67
43-6013.00,Medical Secretaries,100,53,71,74.67
29-1064.00,Obstetricians and Gynecologists,100,94,97,97.0
29-1069.06,Ophthalmologists,100,92,92,94.67
29-1199.05,Orthoptists,100,75,91,88.67
31-2021.00,Physical Therapist Assistants,100,76,94,90.0
29-1123.00,Physical Therapists,100,67,100,89.0
43-4171.00,Receptionists and Information Clerks,100,31,52,61.0
43-4181.00,Reservation and Transportation Ticket Agents and Travel Clerks,100,12,81,64.33
29-2054.00,Respiratory Therapy Technicians,100,98,98,98.67
39-1021.01,Spa Managers,100,11,82,64.33
25-2051.00,"Special Education Teachers, Preschool",100,52,87,79.67
31-9099.01,Speech-Language Pathology Assistants,100,51,78,76.33
41-9041.00,Telemarketers,100,5,77,60.67
13-1011.00,"Agents and Business Managers of Artists, Performers, and Athletes",99,0,43,47.33
53-2011.00,"Airline Pilots, Copilots, and Flight Engineers",99,28,83,70.0
29-2031.00,Cardiovascular Technologists and Technicians,99,74,97,90.0
21-1021.00,"Child, Family, and School Social Workers",99,37,56,64.0
43-4041.02,Credit Checkers,99,0,69,56.0
21-1012.00,"Educational, Guidance, School, and Vocational Counselors",99,36,64,66.33
39-1021.00,First-Line Supervisors of Personal Service Workers,99,29,87,71.67
43-3041.00,Gaming Cage Workers,99,16,77,64.0
43-4081.00,"Hotel, Motel, and Resort Desk Clerks",99,3,64,55.33
13-1032.00,"Insurance Appraisers, Auto Damage",99,12,41,50.67
43-4131.00,Loan Interviewers and Clerks,99,17,45,53.67
29-1199.04,Naturopathic Physicians,99,91,88,92.67
29-1023.00,Orthodontists,99,78,92,89.67
41-2022.00,Parts Salespersons,99,0,67,55.33
43-5031.00,"Police, Fire, and Ambulance Dispatchers",99,11,60,56.67
11-9131.00,Postmasters and Mail Superintendents,99,17,56,57.33
11-3051.01,Quality Control Systems Managers,99,16,48,54.33
29-1124.00,Radiation Therapists,99,95,98,97.33
27-4013.00,Radio Operators,99,21,62,60.67
29-2034.00,Radiologic Technologists,99,92,89,93.33
41-9022.00,Real Estate Sales Agents,99,4,71,58.0
21-1093.00,Social and Human Service Assistants,99,58,79,78.67
29-1069.11,Sports Medicine Physicians,99,94,100,97.67
27-2012.05,Technical Directors/Managers,99,1,67,55.67
43-3071.00,Tellers,99,34,76,69.67
31-9096.00,Veterinary Assistants and Laboratory Animal Caretakers,99,87,88,91.33
43-3011.00,Bill and Account Collectors,98,8,45,50.33
33-3012.00,Correctional Officers and Jailers,98,72,81,83.67
41-2021.00,Counter and Rental Clerks,98,10,68,58.67
33-2021.01,Fire Inspectors,98,35,60,64.33
33-2021.02,Fire Investigators,98,63,74,78.33
53-1021.00,"First-Line Supervisors of Helpers, Laborers, and Material Movers, Hand",98,2,65,55.0
53-1031.00,First-Line Supervisors of Transportation and Material-Moving Machine and Vehicle Operators,98,16,66,60.0
29-2092.00,Hearing Aid Specialists,98,49,79,75.33
43-4161.00,"Human Resources Assistants, Except Payroll and Timekeeping",98,14,53,55.0
43-4111.00,"Interviewers, Except Eligibility and Loan",98,23,73,64.67
13-1121.00,"Meeting, Convention, and Event Planners",98,0,72,56.67
29-1069.04,Neurologists,98,77,79,84.67
43-4141.00,New Accounts Clerks,98,17,59,58.0
31-1015.00,Orderlies,98,97,97,97.33
43-4051.03,Patient Representatives,98,77,76,83.67
31-2022.00,Physical Therapist Aides,98,86,95,93.0
29-1071.00,Physician Assistants,98,93,88,93.0
33-3051.01,Police Patrol Officers,98,61,73,77.33
27-2012.03,Program Directors,98,0,42,46.67
29-1141.00,Registered Nurses,98,95,94,95.67
39-5093.00,Shampooers,98,10,91,66.33
25-2052.00,"Special Education Teachers, Kindergarten and Elementary School",98,49,83,76.67
25-2053.00,"Special Education Teachers, Middle School",98,55,81,78.0
25-2054.00,"Special Education Teachers, Secondary School",98,32,74,68.0
43-2011.00,"Switchboard Operators, Including Answering Service",98,30,63,63.67
43-2021.00,Telephone Operators,98,12,68,59.33
29-2056.00,Veterinary Technologists and Technicians,98,67,92,85.67
53-1011.00,Aircraft Cargo Handling Supervisors,97,10,68,58.33
39-3091.00,Amusement and Recreation Attendants,97,25,84,68.67
15-1151.00,Computer User Support Specialists,97,8,64,56.33
27-3043.04,Copy Writers,97,7,49,51.0
31-9091.00,Dental Assistants,97,96,99,97.33
43-5032.00,"Dispatchers, Except Police, Fire, and Ambulance",97,9,58,54.67
39-4011.00,Embalmers,97,83,64,81.33
33-1012.00,First-Line Supervisors of Police and Detectives,97,57,77,77.0
53-2031.00,Flight Attendants,97,77,96,90.0
11-9051.00,Food Service Managers,97,10,78,61.67
41-2012.00,Gaming Change Persons and Booth Cashiers,97,27,70,64.67
39-1011.00,Gaming Supervisors,97,19,84,66.67
27-3091.00,Interpreters and Translators,97,56,66,73.0
29-2061.00,Licensed Practical and Licensed Vocational Nurses,97,94,90,93.67
11-9081.00,Lodging Managers,97,4,49,50.0
25-2022.00,"Middle School Teachers, Except Special and Career/Technical Education",97,54,70,73.67
31-2011.00,Occupational Therapy Assistants,97,88,82,89.0
29-2057.00,Ophthalmic Medical Technicians,97,69,90,85.33
29-1051.00,Pharmacists,97,76,72,81.67
21-1092.00,Probation Officers and Correctional Treatment Specialists,97,52,57,68.67
43-3061.00,Procurement Clerks,97,10,51,52.67
11-2031.00,Public Relations and Fundraising Managers,97,13,38,49.33
41-2031.00,Retail Salespersons,97,19,69,61.67
41-3031.02,"Sales Agents, Financial Services",97,7,47,50.33
43-6014.00,"Secretaries and Administrative Assistants, Except Legal, Medical, and Executive",97,29,43,56.33
41-3031.03,Securities and Commodities Traders,97,0,67,54.67
43-3021.01,Statement Clerks,97,0,72,56.33
11-3071.01,Transportation Managers,97,11,42,50.0
39-3031.00,"Ushers, Lobby Attendants, and Ticket Takers",97,16,82,65.0
29-9091.00,Athletic Trainers,96,69,93,86.0
43-4011.00,Brokerage Clerks,96,1,68,55.0
43-5011.00,Cargo and Freight Agents,96,4,65,55.0
41-2011.00,Cashiers,96,28,75,66.33
39-6012.00,Concierges,96,7,65,56.0
35-3022.00,"Counter Attendants, Cafeteria, Food Concession, and Coffee Shop",96,3,73,57.33
43-4031.01,Court Clerks,96,13,62,57.0
13-2071.00,Credit Counselors,96,8,48,50.67
43-4051.00,Customer Service Representatives,96,5,58,53.0
41-9011.00,Demonstrators and Product Promoters,96,0,67,54.33
29-2032.00,Diagnostic Medical Sonographers,96,87,95,92.67
29-1062.00,Family and General Practitioners,96,100,91,95.67
35-1012.00,First-Line Supervisors of Food Preparation and Serving Workers,96,26,95,72.33
41-1012.00,First-Line Supervisors of Non-Retail Sales Workers,96,4,43,47.67
41-1011.00,First-Line Supervisors of Retail Sales Workers,96,10,66,57.33
39-5012.00,"Hairdressers, Hairstylists, and Cosmetologists",96,32,92,73.33
49-9031.00,Home Appliance Repairers,96,12,67,58.33
33-3021.05,Immigration and Customs Inspectors,96,63,80,79.67
25-9031.00,Instructional Coordinators,96,16,55,55.67
43-4031.03,License Clerks,96,14,70,60.0
11-9199.08,Loss Prevention Managers,96,16,58,56.67
21-1013.00,Marriage and Family Therapists,96,30,58,61.33
31-9092.00,Medical Assistants,96,83,88,89.0
29-2033.00,Nuclear Medicine Technologists,96,93,86,91.67
31-2012.00,Occupational Therapy Aides,96,97,91,94.67
29-1022.00,Oral and Maxillofacial Surgeons,96,99,99,98.0
43-4151.00,Order Clerks,96,3,56,51.67
31-9095.00,Pharmacy Aides,96,78,82,85.33
31-9097.00,Phlebotomists,96,88,76,86.67
33-3021.01,Police Detectives,96,58,71,75.0
29-2099.06,Radiologic Technicians,96,91,96,94.33
29-1126.00,Respiratory Therapists,96,98,93,95.67
11-2022.00,Sales Managers,96,3,48,49.0
47-5013.00,"Service Unit Operators, Oil, Gas, and Mining",96,11,79,62.0
29-1127.00,Speech-Language Pathologists,96,52,79,75.67
43-5081.01,"Stock Clerks, Sales Floor",96,20,84,66.67
13-1022.00,"Wholesale and Retail Buyers, Except Farm Products",96,10,58,54.67
29-1199.01,Acupuncturists,95,85,91,90.33
29-1141.01,Acute Care Nurses,95,100,95,96.67
41-3011.00,Advertising Sales Agents,95,3,55,51.0
29-1061.00,Anesthesiologists,95,90,94,93.0
39-5011.00,Barbers,95,59,95,83.0
13-1021.00,"Buyers and Purchasing Agents, Farm Products",95,2,51,49.33
11-1011.00,Chief Executives,95,18,43,52.0
21-2011.00,Clergy,95,40,55,63.33
43-4041.01,Credit Authorizers,95,1,55,50.33
21-2021.00,"Directors, Religious Activities and Education",95,13,48,52.0
25-2021.00,"Elementary School Teachers, Except Special Education",95,46,79,73.33
49-1011.00,"First-Line Supervisors of Mechanics, Installers, and Repairers",95,19,69,61.0
35-3041.00,"Food Servers, Nonrestaurant",95,39,72,68.67
33-2022.00,Forest Fire Inspectors and Prevention Specialists,95,36,54,61.67
11-1021.00,General and Operations Managers,95,14,55,54.67
35-9031.00,"Hosts and Hostesses, Restaurant, Lounge, and Coffee Shop",95,16,79,63.33
13-1041.02,Licensing Examiners and Inspectors,95,51,70,72.0
43-4031.02,Municipal Clerks,95,6,44,48.33
33-1021.01,Municipal Fire Fighting and Prevention Supervisors,95,71,76,80.67
29-1161.00,Nurse Midwives,95,89,97,93.67
29-1122.00,Occupational Therapists,95,92,95,94.0
29-2081.00,"Opticians, Dispensing",95,40,83,72.67
29-2052.00,Pharmacy Technicians,95,72,83,83.33
25-2011.00,"Preschool Teachers, Except Special Education",95,52,76,74.33
19-1031.02,Range Managers,95,16,43,51.33
39-9032.00,Recreation Workers,95,37,72,68.0
41-4012.00,"Sales Representatives, Wholesale and Manufacturing, Except Technical and Scientific Products",95,3,52,50.0
33-3051.03,Sheriffs and Deputy Sheriffs,95,77,79,83.67
13-2081.00,"Tax Examiners and Collectors, and Revenue Agents",95,5,57,52.33
49-9052.00,Telecommunications Line Installers and Repairers,95,34,64,64.33
35-3031.00,Waiters and Waitresses,95,16,78,63.0
39-9011.00,Childcare Workers,94,45,82,73.67
13-1031.01,"Claims Examiners, Property and Casualty Insurance",94,3,56,51.0
11-9121.01,Clinical Research Coordinators,94,34,46,58.0
27-2022.00,Coaches and Scouts,94,9,74,59.0
43-9011.00,Computer Operators,94,7,42,47.67
33-3021.03,Criminal Investigators and Special Agents,94,54,68,72.0
27-2031.00,Dancers,94,21,98,71.0
29-1021.00,"Dentists, General",94,95,99,96.0
43-4061.00,"Eligibility Interviewers, Government Programs",94,30,56,60.0
29-1128.00,Exercise Physiologists,94,55,93,80.67
27-1022.00,Fashion Designers,94,0,48,47.33
51-9071.06,Gem and Diamond Workers,94,0,42,45.33
13-1041.04,Government Property Inspectors and Investigators,94,25,52,57.0
25-1071.00,"Health Specialties Teachers, Postsecondary",94,29,54,59.0
25-1192.00,"Home Economics Teachers, Postsecondary",94,10,47,50.33
29-1069.03,Hospitalists,94,99,92,95.0
13-1071.00,Human Resources Specialists,94,5,41,46.67
23-1023.00,"Judges, Magistrate Judges, and Magistrates",94,34,52,60.0
13-2071.01,Loan Counselors,94,7,40,47.0
13-2072.00,Loan Officers,94,4,42,46.67
21-1023.00,Mental Health and Substance Abuse Social Workers,94,39,50,61.0
21-1014.00,Mental Health Counselors,94,36,58,62.67
29-9099.01,Midwives,94,73,94,87.0
47-5042.00,Mine Cutting and Channeling Machine Operators,94,1,53,49.33
39-4031.00,"Morticians, Undertakers, and Funeral Directors",94,79,72,81.67
29-2099.01,Neurodiagnostic Technologists,94,81,94,89.67
39-2021.00,Nonfarm Animal Caretakers,94,64,66,74.67
29-1065.00,"Pediatricians, General",94,92,89,91.67
27-2012.01,Producers,94,2,64,53.33
25-1193.00,"Recreation and Fitness Studies Teachers, Postsecondary",94,18,59,57.0
33-9099.02,Retail Loss Prevention Specialists,94,12,73,59.67
47-2031.02,Rough Carpenters,94,5,79,59.33
25-3021.00,Self-Enrichment Education Teachers,94,8,76,59.33
29-1067.00,Surgeons,94,86,97,92.33
29-2099.07,Surgical Assistants,94,87,97,92.67
27-2011.00,Actors,93,5,95,64.33
53-2021.00,Air Traffic Controllers,93,7,82,60.67
33-9011.00,Animal Control Workers,93,79,54,75.33
25-1121.00,"Art, Drama, and Music Teachers, Postsecondary",93,17,74,61.33
33-3011.00,Bailiffs,93,40,80,71.0
35-3011.00,Bartenders,93,4,79,58.67
51-8099.01,Biofuels Processing Technicians,93,5,49,49.0
27-4031.00,"Camera Operators, Television, Video, and Motion Picture",93,4,68,55.0
35-1011.00,Chefs and Head Cooks,93,15,81,63.0
35-3021.00,"Combined Food Preparation and Serving Workers, Including Fast Food",93,7,74,58.0
15-1152.00,Computer Network Support Specialists,93,13,55,53.67
35-2015.00,"Cooks, Short Order",93,7,66,55.33
43-4021.00,Correspondence Clerks,93,3,43,46.33
29-1141.03,Critical Care Nurses,93,99,94,95.33
13-1199.03,Customs Brokers,93,1,54,49.33
35-9011.00,Dining Room and Cafeteria Attendants and Bartender Helpers,93,15,82,63.33
11-9032.00,"Education Administrators, Elementary and Secondary School",93,21,52,55.33
49-2095.00,"Electrical and Electronics Repairers, Powerhouse, Substation, and Relay",93,16,88,65.67
43-6011.00,Executive Secretaries and Executive Administrative Assistants,93,8,39,46.67
11-3031.02,"Financial Managers, Branch or Department",93,4,53,50.0
43-1011.00,First-Line Supervisors of Office and Administrative Support Workers,93,9,47,49.67
45-4011.00,Forest and Conservation Workers,93,17,67,59.0
43-5011.01,Freight Forwarders,93,1,60,51.33
21-1091.00,Health Educators,93,50,64,69.0
41-3021.00,Insurance Sales Agents,93,10,61,54.67
29-1063.00,"Internists, General",93,100,89,94.0
39-3093.00,"Locker Room, Coatroom, and Dressing Room Attendants",93,13,64,56.67
53-5022.00,Motorboat Operators,93,8,79,60.0
29-1151.00,Nurse Anesthetists,93,96,87,92.0
43-9061.00,"Office Clerks, General",93,28,64,61.67
29-2099.05,Ophthalmic Medical Technologists,93,83,94,90.0
43-5061.00,"Production, Planning, and Expediting Clerks",93,3,52,49.33
43-9081.00,Proofreaders and Copy Markers,93,0,53,48.67
53-7072.00,"Pump Operators, Except Wellhead Pumpers",93,6,52,50.33
53-4013.00,"Rail Yard Engineers, Dinkey Operators, and Hostlers",93,3,51,49.0
29-1125.00,Recreational Therapists,93,77,84,84.67
49-9021.02,Refrigeration Mechanics and Installers,93,19,56,56.0
25-2031.00,"Secondary School Teachers, Except Special and Career/Technical Education",93,17,70,60.0
39-1012.00,Slot Supervisors,93,42,80,71.67
41-4011.07,Solar Sales Representatives and Assessors,93,6,47,48.67
33-3052.00,Transit and Railroad Police,93,56,79,76.0
53-6051.07,"Transportation Vehicle, Equipment and Systems Inspectors, Except Aviation",93,10,71,58.0
29-1069.12,Urologists,93,96,99,96.0
29-1131.00,Veterinarians,93,89,91,91.0
11-2011.00,Advertising and Promotions Managers,92,1,46,46.33
53-3011.00,"Ambulance Drivers and Attendants, Except Emergency Medical Technicians",92,72,90,84.67
29-1125.01,Art Therapists,92,40,73,68.33
29-1181.00,Audiologists,92,68,67,75.67
35-3022.01,Baristas,92,8,75,58.33
25-2032.00,"Career/Technical Education Teachers, Secondary School",92,31,77,66.67
53-2012.00,Commercial Pilots,92,25,81,66.0
11-9199.02,Compliance Managers,92,13,54,53.0
11-9021.00,Construction Managers,92,4,50,48.67
19-3031.03,Counseling Psychologists,92,38,47,59.0
43-5021.00,Couriers and Messengers,92,73,45,70.0
29-2051.00,Dietetic Technicians,92,61,65,72.67
53-3031.00,Driver/Sales Workers,92,11,77,60.0
45-1011.08,First-Line Supervisors of Animal Husbandry and Animal Care Workers,92,35,41,56.0
33-3031.00,Fish and Game Wardens,92,31,76,66.33
11-9061.00,Funeral Service Managers,92,56,60,69.33
21-1022.00,Healthcare Social Workers,92,88,76,85.33
11-3051.00,Industrial Production Managers,92,5,55,50.67
13-1031.02,"Insurance Adjusters, Examiners, and Investigators",92,3,43,46.0
23-1011.00,Lawyers,92,14,34,46.67
33-9092.00,"Lifeguards, Ski Patrol, and Other Recreational Protective Service Workers",92,38,56,62.0
53-3033.00,Light Truck or Delivery Services Drivers,92,13,67,57.33
17-3027.00,Mechanical Engineering Technicians,92,3,60,51.67
33-2011.01,Municipal Firefighters,92,77,89,86.0
51-8011.00,Nuclear Power Reactor Operators,92,3,73,56.0
47-2151.00,Pipelayers,92,36,87,71.67
29-1081.00,Podiatrists,92,87,95,91.33
29-1024.00,Prosthodontists,92,88,98,92.67
41-9021.00,Real Estate Brokers,92,6,54,50.67
53-1021.01,Recycling Coordinators,92,27,52,57.0
27-3022.00,Reporters and Correspondents,92,9,55,52.0
13-2099.02,Risk Management Specialists,92,7,43,47.33
11-9151.00,Social and Community Service Managers,92,26,42,53.33
21-1011.00,Substance Abuse and Behavioral Disorder Counselors,92,63,68,74.33
29-2055.00,Surgical Technologists,92,82,99,91.0
43-9022.00,Word Processors and Typists,92,22,47,53.67
43-3021.02,"Billing, Cost, and Rate Clerks",91,29,46,55.33
11-3051.03,Biofuels Production Managers,91,10,53,51.33
25-2023.00,"Career/Technical Education Teachers, Middle School",91,23,78,64.0
11-3111.00,Compensation and Benefits Managers,91,1,32,41.33
47-2061.00,Construction Laborers,91,10,73,58.0
35-2012.00,"Cooks, Institution and Cafeteria",91,43,70,68.0
27-2012.02,"Directors- Stage, Motion Pictures, Television, and Radio",91,0,70,53.67
11-9161.00,Emergency Management Directors,91,15,52,52.67
51-1011.00,First-Line Supervisors of Production and Operating Workers,91,1,65,52.33
47-2042.00,"Floor Layers, Except Carpet, Wood, and Hard Tiles",91,8,70,56.33
39-3012.00,Gaming and Sports Book Writers and Runners,91,12,85,62.67
39-3011.00,Gaming Dealers,91,27,88,68.67
33-9031.00,Gaming Surveillance Officers and Gaming Investigators,91,28,78,65.67
11-3121.00,Human Resources Managers,91,5,41,45.67
25-2012.00,"Kindergarten Teachers, Except Special Education",91,68,86,81.67
49-9094.00,Locksmiths and Safe Repairers,91,10,62,54.33
43-9051.00,"Mail Clerks and Mail Machine Operators, Except Postal Service",91,1,73,55.0
17-3029.07,Mechanical Engineering Technologists,91,0,56,49.0
29-1125.02,Music Therapists,91,73,88,84.0
25-1072.00,"Nursing Instructors and Teachers, Postsecondary",91,62,66,73.0
29-1041.00,Optometrists,91,75,90,85.33
29-1069.08,Physical Medicine and Rehabilitation Physicians,91,90,91,90.67
53-5021.03,"Pilots, Ship",91,24,71,62.0
29-2053.00,Psychiatric Technicians,91,93,85,89.67
41-9031.00,Sales Engineers,91,0,36,42.33
11-9199.07,Security Managers,91,34,55,60.0
47-4091.00,Segmental Pavers,91,8,63,54.0
53-5021.01,Ship and Boat Captains,91,22,69,60.67
53-5031.00,Ship Engineers,91,16,72,59.67
25-9041.00,Teacher Assistants,91,36,88,71.67
11-3131.00,Training and Development Managers,91,7,46,48.0
25-1194.00,"Vocational Education Teachers, Postsecondary",91,17,76,61.33
11-9199.09,Wind Energy Operations Managers,91,0,45,45.33
13-2011.01,Accountants,90,1,39,43.33
51-9191.00,Adhesive Bonding Machine Operators and Tenders,90,9,70,56.33
23-1021.00,"Administrative Law Judges, Adjudicators, and Hearing Officers",90,37,58,61.67
29-1141.02,Advanced Practice Psychiatric Nurses,90,80,77,82.33
45-2011.00,Agricultural Inspectors,90,18,68,58.67
53-2022.00,Airfield Operations Specialists,90,24,66,60.0
27-3021.00,Broadcast News Analysts,90,10,65,55.0
53-3022.00,"Bus Drivers, School or Special Client",90,67,84,80.33
19-3031.02,Clinical Psychologists,90,57,62,69.67
49-9092.00,Commercial Divers,90,12,75,59.0
21-1094.00,Community Health Workers,90,53,76,73.0
11-3021.00,Computer and Information Systems Managers,90,1,41,44.0
11-9039.01,Distance Learning Coordinators,90,1,47,46.0
47-2111.00,Electricians,90,11,75,58.67
29-2041.00,Emergency Medical Technicians and Paramedics,90,89,97,92.0
11-9071.00,Gaming Managers,90,17,76,61.0
25-1191.00,Graduate Teaching Assistants,90,6,61,52.33
13-1075.00,Labor Relations Specialists,90,1,51,47.33
43-6012.00,Legal Secretaries,90,0,41,43.67
53-4011.00,Locomotive Engineers,90,13,50,51.0
11-3071.03,Logistics Managers,90,3,48,47.0
39-5091.00,"Makeup Artists, Theatrical and Performance",90,20,86,65.33
11-2021.00,Marketing Managers,90,2,47,46.33
43-5081.02,Marking Clerks,90,16,71,59.0
29-2091.00,Orthotists and Prosthetists,90,79,88,85.67
53-6021.00,Parking Lot Attendants,90,15,73,59.33
33-3021.02,Police Identification and Records Officers,90,60,76,75.33
43-5051.00,Postal Service Clerks,90,17,82,63.0
27-3031.00,Public Relations Specialists,90,4,46,46.67
19-4099.01,Quality Control Analysts,90,10,62,54.0
27-3011.00,Radio and Television Announcers,90,10,54,51.33
47-4071.00,Septic Tank Servicers and Sewer Pipe Cleaners,90,65,77,77.33
49-9081.00,Wind Turbine Service Technicians,90,5,79,58.0
11-3051.04,Biomass Power Plant Managers,89,2,44,45.0
17-3022.00,Civil Engineering Technicians,89,22,57,56.0
13-1041.06,Coroners,89,77,83,83.0
53-7021.00,Crane and Tower Operators,89,2,48,46.33
47-5011.00,"Derrick Operators, Oil and Gas",89,0,87,58.67
27-3041.00,Editors,89,0,54,47.67
49-2094.00,"Electrical and Electronics Repairers, Commercial and Industrial Equipment",89,2,64,51.67
47-1011.00,First-Line Supervisors of Construction Trades and Extraction Workers,89,5,71,55.0
33-1011.00,First-Line Supervisors of Correctional Officers,89,85,71,81.67
11-9039.02,Fitness and Wellness Coordinators,89,14,66,56.33
33-2011.02,Forest Firefighters,89,44,74,69.0
13-1131.00,Fundraisers,89,7,39,45.0
29-9092.00,Genetic Counselors,89,38,47,58.0
15-1199.09,Information Technology Project Managers,89,5,51,48.33
47-2132.00,"Insulation Workers, Mechanical",89,24,59,57.33
43-4121.00,"Library Assistants, Clerical",89,34,73,65.33
13-1081.00,Logisticians,89,8,58,51.67
31-9093.00,Medical Equipment Preparers,89,92,77,86.0
27-1026.00,Merchandise Displayers and Window Trimmers,89,2,67,52.67
31-1014.00,Nursing Assistants,89,83,91,87.67
23-2011.00,Paralegals and Legal Assistants,89,1,39,43.0
51-8093.00,"Petroleum Pump System Operators, Refinery Operators, and Gaugers",89,2,69,53.33
11-3061.00,Purchasing Managers,89,1,41,43.67
47-4061.00,Rail-Track Laying and Maintenance Equipment Operators,89,14,85,62.67
39-9041.00,Residential Advisors,89,24,62,58.33
41-3031.01,"Sales Agents, Securities and Commodities",89,0,43,44.0
41-4011.00,"Sales Representatives, Wholesale and Manufacturing, Technical and Scientific Products",89,6,46,47.0
49-2098.00,Security and Fire Alarm Systems Installers,89,20,63,57.33
51-8021.00,Stationary Engineers and Boiler Operators,89,26,60,58.33
11-9199.04,Supply Chain Managers,89,3,51,47.67
27-2012.04,Talent Directors,89,5,40,44.67
49-2022.00,"Telecommunications Equipment Installers and Repairers, Except Line Installers",89,22,62,57.67
13-1151.00,Training and Development Specialists,89,2,59,50.0
33-9093.00,Transportation Security Screeners,89,55,86,76.67
25-3099.02,Tutors,89,7,81,59.0
11-3011.00,Administrative Services Managers,88,23,45,52.0
13-2011.02,Auditors,88,0,53,47.0
53-6031.00,Automotive and Watercraft Service Attendants,88,4,60,50.67
49-3022.00,Automotive Glass Installers and Repairers,88,1,50,46.33
13-2031.00,Budget Analysts,88,6,43,45.67
53-3021.00,"Bus Drivers, Transit and Intercity",88,47,78,71.0
51-3021.00,Butchers and Meat Cutters,88,3,77,56.0
29-1141.04,Clinical Nurse Specialists,88,91,80,86.33
25-1122.00,"Communications Teachers, Postsecondary",88,12,51,50.33
13-1141.00,"Compensation, Benefits, and Job Analysis Specialists",88,3,32,41.0
49-9012.00,"Control and Valve Installers and Repairers, Except Mechanical Door",88,19,65,57.33
11-9033.00,"Education Administrators, Postsecondary",88,21,38,49.0
25-1081.00,"Education Teachers, Postsecondary",88,10,41,46.33
51-6092.00,Fabric and Apparel Patternmakers,88,1,49,46.0
25-9021.00,Farm and Home Management Advisors,88,14,43,48.33
45-1011.05,First-Line Supervisors of Logging Workers,88,3,32,41.0
27-1023.00,Floral Designers,88,25,73,62.0
17-3026.00,Industrial Engineering Technicians,88,0,52,46.67
13-2053.00,Insurance Underwriters,88,1,52,47.0
25-1112.00,"Law Teachers, Postsecondary",88,6,41,45.0
39-5092.00,Manicurists and Pedicurists,88,27,90,68.33
29-2011.00,Medical and Clinical Laboratory Technologists,88,96,72,85.33
27-2042.02,"Musicians, Instrumental",88,7,82,59.0
47-2072.00,Pile-Driver Operators,88,8,73,56.33
51-8012.00,Power Distributors and Dispatchers,88,1,66,51.67
51-8013.00,Power Plant Operators,88,6,51,48.33
11-9141.00,"Property, Real Estate, and Community Association Managers",88,2,51,47.0
53-4031.00,Railroad Conductors and Yardmasters,88,15,63,55.33
47-5061.00,"Roof Bolters, Mining",88,26,77,63.67
47-2181.00,Roofers,88,4,77,56.33
49-3093.00,Tire Repairers and Changers,88,16,65,56.33
39-7012.00,Travel Guides,88,4,53,48.33
25-1062.00,"Area, Ethnic, and Cultural Studies Teachers, Postsecondary",87,12,43,47.33
27-1011.00,Art Directors,87,0,59,48.67
43-3031.00,"Bookkeeping, Accounting, and Auditing Clerks",87,4,44,45.0
27-2032.00,Choreographers,87,3,100,63.33
25-1021.00,"Computer Science Teachers, Postsecondary",87,12,49,49.33
39-3092.00,Costume Attendants,87,8,76,57.0
13-2041.00,Credit Analysts,87,2,49,46.0
25-1111.00,"Criminal Justice and Law Enforcement Teachers, Postsecondary",87,20,57,54.67
29-1031.00,Dietitians and Nutritionists,87,79,69,78.33
41-9091.00,"Door-To-Door Sales Workers, News and Street Vendors, and Related Workers",87,7,67,53.67
13-1074.00,Farm Labor Contractors,87,1,66,51.33
43-4071.00,File Clerks,87,19,47,51.0
51-3093.00,Food Cooking Machine Operators and Tenders,87,14,73,58.0
53-6051.08,Freight and Cargo Inspectors,87,8,59,51.33
11-3051.02,Geothermal Production Managers,87,4,38,43.0
27-1025.00,Interior Designers,87,7,53,49.0
29-1122.01,"Low Vision Therapists, Orientation and Mobility Specialists, and Vision Rehabilitation Therapists",87,35,86,69.33
37-2012.00,Maids and Housekeeping Cleaners,87,52,42,60.33
11-9111.00,Medical and Health Services Managers,87,34,45,55.33
51-9023.00,"Mixing and Blending Machine Setters, Operators, and Tenders",87,4,40,43.67
27-2041.01,Music Directors,87,17,61,55.0
15-1142.00,Network and Computer Systems Administrators,87,3,54,48.0
13-1199.06,Online Merchants,87,0,49,45.33
51-4062.00,"Patternmakers, Metal and Plastic",87,1,64,50.67
17-2171.00,Petroleum Engineers,87,1,30,39.33
47-2152.01,Pipe Fitters and Steamfitters,87,21,73,60.33
29-1066.00,Psychiatrists,87,70,67,74.67
47-5071.00,"Roustabouts, Oil and Gas",87,6,89,60.67
43-5071.00,"Shipping, Receiving, and Traffic Clerks",87,4,46,45.67
53-4041.00,Subway and Streetcar Operators,87,43,67,65.67
53-7121.00,"Tank Car, Truck, and Ship Loaders",87,3,62,50.67
39-7011.00,Tour Guides and Escorts,87,19,72,59.33
15-1199.11,Video Game Designers,87,0,51,46.0
25-9011.00,Audio-Visual and Multimedia Collections Specialists,86,5,59,50.0
51-3011.00,Bakers,86,7,55,49.33
15-1111.00,Computer and Information Research Scientists,86,0,33,39.67
47-5041.00,Continuous Mining Machine Operators,86,6,59,50.33
15-1141.00,Database Administrators,86,4,52,47.33
31-9099.02,Endoscopy Technicians,86,87,83,85.33
25-1123.00,"English Language and Literature Teachers, Postsecondary",86,9,50,48.33
17-3025.00,Environmental Engineering Technicians,86,17,47,50.0
13-1041.03,Equal Opportunity Representatives and Officers,86,3,41,43.33
51-6091.00,"Extruding and Forming Machine Setters, Operators, and Tenders, Synthetic and Glass Fibers",86,3,55,48.0
37-1011.00,First-Line Supervisors of Housekeeping and Janitorial Workers,86,47,51,61.33
47-3014.00,"Helpers--Painters, Paperhangers, Plasterers, and Stucco Masons",86,3,61,50.0
43-9041.02,Insurance Policy Processing Clerks,86,0,52,46.0
17-2141.00,Mechanical Engineers,86,7,58,50.33
17-2199.05,Mechatronics Engineers,86,1,61,49.33
29-2012.00,Medical and Clinical Laboratory Technicians,86,77,65,76.0
11-9013.01,Nursery and Greenhouse Managers,86,4,63,51.0
29-9012.00,Occupational Health and Safety Technicians,86,29,55,56.67
49-3053.00,Outdoor Power Equipment and Other Small Engine Mechanics,86,3,53,47.33
51-9196.00,"Paper Goods Machine Setters, Operators, and Tenders",86,3,61,50.0
49-2021.01,Radio Mechanics,86,5,63,51.33
47-2171.00,Reinforcing Iron and Rebar Workers,86,13,71,56.67
33-9032.00,Security Guards,86,16,68,56.67
51-6041.00,Shoe and Leather Workers and Repairers,86,3,55,48.0
53-3041.00,Taxi Drivers and Chauffeurs,86,25,79,63.33
41-3041.00,Travel Agents,86,0,55,47.0
43-5111.00,"Weighers, Measurers, Checkers, and Samplers, Recordkeeping",86,1,58,48.33
49-3023.01,Automotive Master Mechanics,85,8,53,48.67
39-6011.00,Baggage Porters and Bellhops,85,10,78,57.67
49-3091.00,Bicycle Repairers,85,0,65,50.0
25-1042.00,"Biological Science Teachers, Postsecondary",85,30,47,54.0
11-1011.03,Chief Sustainability Officers,85,3,48,45.33
19-4061.01,City and Regional Planning Aides,85,0,46,43.67
27-1021.00,Commercial and Industrial Designers,85,0,49,44.67
53-7032.00,Excavating and Loading Machine and Dragline Operators,85,5,40,43.33
47-5031.00,"Explosives Workers, Ordnance Handling Experts, and Blasters",85,4,66,51.67
19-1012.00,Food Scientists and Technologists,85,29,52,55.33
19-4093.00,Forest and Conservation Technicians,85,15,68,56.0
47-2121.00,Glaziers,85,18,69,57.33
11-3051.06,Hydroelectric Production Managers,85,8,50,47.67
51-9061.00,"Inspectors, Testers, Sorters, Samplers, and Weighers",85,4,65,51.33
33-3021.06,Intelligence Analysts,85,2,49,45.33
29-2035.00,Magnetic Resonance Imaging Technologists,85,84,76,81.67
31-9011.00,Massage Therapists,85,35,89,69.67
49-9011.00,Mechanical Door Repairers,85,7,73,55.0
19-4051.02,Nuclear Monitoring Technicians,85,9,70,54.67
29-1171.00,Nurse Practitioners,85,87,85,85.67
51-9111.00,Packaging and Filling Machine Operators and Tenders,85,4,59,49.33
13-2052.00,Personal Financial Advisors,85,2,37,41.33
37-2021.00,Pest Control Workers,85,26,47,52.67
25-1054.00,"Physics Teachers, Postsecondary",85,7,44,45.33
29-1069.09,Preventive Medicine Physicians,85,61,55,67.0
27-3012.00,Public Address System and Other Announcers,85,2,71,52.67
49-9096.00,Riggers,85,15,77,59.0
53-5011.00,Sailors and Marine Oilers,85,19,69,57.67
19-3031.01,School Psychologists,85,17,56,52.67
27-1027.00,Set and Exhibit Designers,85,1,53,46.33
27-2042.01,Singers,85,29,94,69.33
47-1011.03,Solar Energy Installation Managers,85,9,78,57.33
47-2022.00,Stonemasons,85,6,80,57.0
11-3071.02,Storage and Distribution Managers,85,2,52,46.33
47-2221.00,Structural Iron and Steel Workers,85,10,87,60.67
15-1143.01,Telecommunications Engineering Specialists,85,3,52,46.67
17-2081.01,Water/Wastewater Engineers,85,23,40,49.33
47-4099.03,Weatherization Installers and Technicians,85,20,68,57.67
19-4011.01,Agricultural Technicians,84,15,56,51.67
19-1011.00,Animal Scientists,84,32,46,54.0
17-1011.00,"Architects, Except Landscape and Naval",84,2,53,46.33
19-1020.01,Biologists,84,8,51,47.67
51-8099.03,Biomass Plant Technicians,84,5,57,48.67
51-8091.00,Chemical Plant and System Operators,84,8,64,52.0
47-2031.01,Construction Carpenters,84,13,81,59.33
17-3029.03,Electromechanical Engineering Technologists,84,6,66,52.0
13-1199.01,Energy Auditors,84,11,59,51.33
17-2199.03,Energy Engineers,84,10,41,45.0
17-2081.00,Environmental Engineers,84,13,47,48.0
47-4031.00,Fence Erectors,84,9,74,55.67
39-9031.00,Fitness Trainers and Aerobics Instructors,84,22,83,63.0
33-1021.02,Forest Fire Fighting and Prevention Supervisors,84,23,73,60.0
25-1043.00,"Forestry and Conservation Science Teachers, Postsecondary",84,6,32,40.67
25-1064.00,"Geography Teachers, Postsecondary",84,11,43,46.0
49-9021.01,Heating and Air Conditioning Mechanics and Installers,84,15,66,55.0
47-3012.00,Helpers--Carpenters,84,12,77,57.67
49-9098.00,"Helpers--Installation, Maintenance, and Repair Workers",84,15,68,55.67
31-1011.00,Home Health Aides,84,63,84,77.0
17-2112.00,Industrial Engineers,84,2,55,47.0
43-9041.01,Insurance Claims Clerks,84,1,46,43.67
25-1082.00,"Library Science Teachers, Postsecondary",84,2,44,43.33
13-1081.01,Logistics Engineers,84,0,49,44.33
47-2141.00,"Painters, Construction and Maintenance",84,4,64,50.67
17-2199.07,Photonics Engineers,84,1,47,44.0
31-1013.00,Psychiatric Aides,84,91,89,88.0
25-1066.00,"Psychology Teachers, Postsecondary",84,14,40,46.0
13-1023.00,"Purchasing Agents, Except Wholesale, Retail, and Farm Products",84,0,37,40.33
17-2072.01,Radio Frequency Identification Device Specialists,84,6,45,45.0
53-4021.00,"Railroad Brake, Signal, and Switch Operators",84,15,41,46.67
51-4023.00,"Rolling Machine Setters, Operators, and Tenders, Metal and Plastic",84,1,59,48.0
47-5012.00,"Rotary Drill Operators, Oil and Gas",84,7,80,57.0
13-1199.02,Security Management Specialists,84,11,51,48.67
25-2059.01,Adapted Physical Education Specialists,83,56,90,76.33
11-9013.03,Aquacultural Managers,83,5,51,46.33
13-2021.01,Assessors,83,0,58,47.0
27-2021.00,Athletes and Sports Competitors,83,6,59,49.33
11-9199.11,Brownfield Redevelopment Specialists and Site Managers,83,9,53,48.33
47-2041.00,Carpet Installers,83,14,59,52.0
25-1052.00,"Chemistry Teachers, Postsecondary",83,7,37,42.33
25-4012.00,Curators,83,5,44,44.0
17-3024.00,Electro-Mechanical Technicians,83,12,62,52.33
41-3099.01,Energy Brokers,83,9,52,48.0
13-2051.00,Financial Analysts,83,0,47,43.33
13-2061.00,Financial Examiners,83,1,57,47.0
45-1011.06,First-Line Supervisors of Aquacultural Workers,83,14,66,54.33
51-4022.00,"Forging Machine Setters, Operators, and Tenders, Metal and Plastic",83,1,65,49.67
39-4021.00,Funeral Attendants,83,54,79,72.0
47-3013.00,Helpers--Electricians,83,12,67,54.0
47-5081.00,Helpers--Extraction Workers,83,4,80,55.67
49-9041.00,Industrial Machinery Mechanics,83,15,72,56.67
17-2111.01,Industrial Safety and Health Engineers,83,19,53,51.67
15-1122.00,Information Security Analysts,83,1,52,45.33
13-1081.02,Logistics Analysts,83,7,51,47.0
49-9071.00,"Maintenance and Repair Workers, General",83,44,69,65.33
17-2121.02,Marine Architects,83,3,58,48.0
25-1022.00,"Mathematical Science Teachers, Postsecondary",83,15,58,52.0
49-9044.00,Millwrights,83,30,77,63.33
49-3051.00,Motorboat Mechanics and Service Technicians,83,18,64,55.0
19-4051.01,Nuclear Equipment Operation Technicians,83,14,72,56.33
43-5081.04,"Order Fillers, Wholesale and Retail Sales",83,15,63,53.67
19-1031.03,Park Naturalists,83,17,73,57.67
39-9021.00,Personal Care Aides,83,62,86,77.0
25-1126.00,"Philosophy and Religion Teachers, Postsecondary",83,3,46,44.0
33-9021.00,Private Detectives and Investigators,83,8,51,47.33
11-9199.01,Regulatory Affairs Managers,83,5,43,43.67
21-1015.00,Rehabilitation Counselors,83,26,60,56.33
25-1113.00,"Social Work Teachers, Postsecondary",83,12,34,43.0
19-1031.01,Soil and Water Conservationists,83,6,53,47.33
19-3051.00,Urban and Regional Planners,83,6,54,47.67
25-3011.00,Adult Basic and Secondary Education and Literacy Teachers and Instructors,82,19,80,60.33
29-1071.01,Anesthesiologist Assistants,82,97,88,89.0
25-1061.00,"Anthropology and Archeology Teachers, Postsecondary",82,23,48,51.0
25-1031.00,"Architecture Teachers, Postsecondary",82,6,76,54.67
25-1051.00,"Atmospheric, Earth, Marine, and Space Sciences Teachers, Postsecondary",82,30,57,56.33
17-2141.02,Automotive Engineers,82,0,52,44.67
49-3031.00,Bus and Truck Mechanics and Diesel Engine Specialists,82,9,62,51.0
13-1199.04,Business Continuity Planners,82,1,49,44.0
19-2041.01,Climate Change Analysts,82,0,38,40.0
53-7031.00,Dredge Operators,82,1,27,36.67
49-9051.00,Electrical Power-Line Installers and Repairers,82,10,73,55.0
25-1053.00,"Environmental Science Teachers, Postsecondary",82,20,49,50.33
19-4041.01,Geophysical Data Technicians,82,0,44,42.0
17-3029.05,Industrial Engineering Technologists,82,11,49,47.33
19-3032.00,Industrial-Organizational Psychologists,82,1,40,41.0
15-1121.01,Informatics Nurse Specialists,82,47,60,63.0
17-1012.00,Landscape Architects,82,0,47,43.0
25-4021.00,Librarians,82,29,52,54.33
49-9043.00,"Maintenance Workers, Machinery",82,11,73,55.33
13-1111.00,Management Analysts,82,2,41,41.67
53-5021.02,"Mates- Ship, Boat, and Barge",82,10,74,55.33
51-9082.00,Medical Appliance Technicians,82,48,71,67.0
19-1042.00,"Medical Scientists, Except Epidemiologists",82,33,43,52.67
49-3042.00,"Mobile Heavy Equipment Mechanics, Except Engines",82,15,48,48.33
19-3039.01,Neuropsychologists and Clinical Neuropsychologists,82,50,71,67.67
43-3051.00,Payroll and Timekeeping Clerks,82,7,37,42.0
51-9151.00,Photographic Process Workers and Processing Machine Operators,82,41,58,60.33
49-2021.00,"Radio, Cellular, and Tower Equipment Installers and Repairers",82,23,76,60.33
47-2211.00,Sheet Metal Workers,82,10,67,53.0
27-4014.00,Sound Engineering Technicians,82,7,69,52.67
51-6052.00,"Tailors, Dressmakers, and Custom Sewers",82,12,63,52.33
11-3031.01,Treasurers and Controllers,82,7,35,41.33
17-2011.00,Aerospace Engineers,81,0,50,43.67
39-2011.00,Animal Trainers,81,18,62,53.67
19-2031.00,Chemists,81,23,57,53.67
17-3011.02,Civil Drafters,81,1,49,43.67
15-2041.02,Clinical Data Managers,81,6,48,45.0
13-1051.00,Cost Estimators,81,2,44,42.33
43-9021.00,Data Entry Keyers,81,11,57,49.67
43-9031.00,Desktop Publishers,81,2,45,42.67
25-1063.00,"Economics Teachers, Postsecondary",81,11,53,48.33
25-1032.00,"Engineering Teachers, Postsecondary",81,9,33,41.0
19-2041.00,"Environmental Scientists and Specialists, Including Health",81,6,40,42.33
27-4032.00,Film and Video Editors,81,2,49,44.0
35-2021.00,Food Preparation Workers,81,6,69,52.0
47-4051.00,Highway Maintenance Workers,81,26,68,58.33
53-7051.00,Industrial Truck and Tractor Operators,81,4,34,39.67
11-9199.03,Investment Fund Managers,81,0,41,40.67
17-2199.04,Manufacturing Engineers,81,6,56,47.67
13-1161.00,Market Research Analysts and Marketing Specialists,81,0,36,39.0
51-7031.00,"Model Makers, Wood",81,15,51,49.0
17-2111.03,Product Safety Engineers,81,7,47,45.0
29-1069.10,Radiologists,81,85,63,76.33
49-9045.00,"Refractory Materials Repairers, Except Brickmasons",81,21,80,60.67
49-9097.00,Signal and Track Switch Repairers,81,8,73,54.0
39-5094.00,Skincare Specialists,81,36,99,72.0
25-1067.00,"Sociology Teachers, Postsecondary",81,9,46,45.33
51-2092.00,Team Assemblers,81,0,66,49.0
17-2051.01,Transportation Engineers,81,5,48,44.67
19-3099.01,Transportation Planners,81,0,42,41.0
37-3013.00,Tree Trimmers and Pruners,81,1,59,47.0
19-1023.00,Zoologists and Wildlife Biologists,81,19,39,46.33
19-3091.01,Anthropologists,80,18,55,51.0
23-1022.00,"Arbitrators, Mediators, and Conciliators",80,3,64,49.0
11-9041.00,Architectural and Engineering Managers,80,3,43,42.0
17-3027.01,Automotive Engineering Technicians,80,3,63,48.67
27-4012.00,Broadcast Technicians,80,3,51,44.67
15-1199.08,Business Intelligence Analysts,80,2,39,40.33
17-1021.00,Cartographers and Photogrammetrists,80,0,54,44.67
15-1121.00,Computer Systems Analysts,80,5,48,44.33
17-3023.03,Electrical Engineering Technicians,80,2,60,47.33
49-2097.00,Electronic Home Entertainment Equipment Installers and Repairers,80,6,40,42.0
49-9099.01,Geothermal Technicians,80,7,50,45.67
53-4012.00,Locomotive Firers,80,10,45,45.0
17-3029.01,Non-Destructive Testing Specialists,80,4,60,48.0
29-1069.05,Nuclear Medicine Physicians,80,81,69,76.67
29-9011.00,Occupational Health and Safety Specialists,80,18,65,54.33
13-1041.07,Regulatory Affairs Specialists,80,1,55,45.33
51-2041.00,Structural Metal Fabricators and Fitters,80,6,60,48.67
13-1199.05,Sustainability Specialists,80,1,47,42.67
13-2082.00,Tax Preparers,80,4,55,46.33
51-2093.00,Timing Device Assemblers and Adjusters,80,0,45,41.67
25-1041.00,"Agricultural Sciences Teachers, Postsecondary",79,14,40,44.33
17-2199.01,Biochemical Engineers,79,18,49,48.67
19-4021.00,Biological Technicians,79,39,51,56.33
47-2011.00,Boilermakers,79,15,69,54.33
51-9011.00,Chemical Equipment Operators and Tenders,79,15,51,48.33
15-1131.00,Computer Programmers,79,0,39,39.33
15-1199.12,Document Management Specialists,79,2,49,43.33
51-2031.00,Engine and Other Machine Assemblers,79,0,69,49.33
19-4091.00,"Environmental Science and Protection Technicians, Including Health",79,26,51,52.0
49-3041.00,Farm Equipment Mechanics and Service Technicians,79,20,53,50.67
47-3015.00,"Helpers--Pipelayers, Plumbers, Pipefitters, and Steamfitters",79,45,67,63.67
19-3093.00,Historians,79,7,56,47.33
51-8099.04,Hydroelectric Plant Technicians,79,25,77,60.33
17-3029.09,Manufacturing Production Technicians,79,8,57,48.0
41-9012.00,Models,79,1,64,48.0
11-9121.00,Natural Sciences Managers,79,4,40,41.0
53-7064.00,"Packers and Packagers, Hand",79,5,70,51.33
47-2152.02,Plumbers,79,58,60,65.67
15-1199.01,Software Quality Assurance Engineers and Testers,79,0,47,42.0
47-2044.00,Tile and Marble Setters,79,12,64,51.67
53-6061.00,"Transportation Attendants, Except Flight Attendants",79,27,93,66.33
27-2023.00,"Umpires, Referees, and Other Sports Officials",79,11,71,53.67
13-2021.02,"Appraisers, Real Estate",78,3,34,38.33
25-1011.00,"Business Teachers, Postsecondary",78,3,48,43.0
49-9091.00,"Coin, Vending, and Amusement Machine Servicers and Repairers",78,7,58,47.67
15-1199.02,Computer Systems Engineers/Architects,78,4,46,42.67
49-2011.00,"Computer, Automated Teller, and Office Machine Repairers",78,5,63,48.67
33-9091.00,Crossing Guards,78,18,78,58.0
51-9021.00,"Crushing, Grinding, and Polishing Machine Setters, Operators, and Tenders",78,1,35,38.0
15-1199.06,Database Architects,78,1,46,41.67
17-3012.02,Electrical Drafters,78,1,49,42.67
17-2071.00,Electrical Engineers,78,1,48,42.33
17-3012.01,Electronic Drafters,78,1,47,42.0
17-3029.04,Electronics Engineering Technologists,78,7,49,44.67
19-2041.02,Environmental Restoration Planners,78,1,51,43.33
45-2093.00,"Farmworkers, Farm, Ranch, and Aquacultural Animals",78,38,64,60.0
45-4022.00,Logging Equipment Operators,78,0,14,30.67
49-3052.00,Motorcycle Mechanics,78,0,43,40.33
27-4021.00,Photographers,78,4,68,50.0
47-2161.00,Plasterers and Stucco Masons,78,6,61,48.33
25-1065.00,"Political Science Teachers, Postsecondary",78,5,44,42.33
19-4099.02,Precision Agriculture Technicians,78,3,48,43.0
51-5111.00,Prepress Technicians and Workers,78,0,56,44.67
51-5112.00,Printing Press Operators,78,0,42,40.0
17-1022.00,Surveyors,78,9,48,45.0
27-3042.00,Technical Writers,78,0,42,40.0
51-6061.00,Textile Bleaching and Dyeing Machine Operators and Tenders,78,0,46,41.33
17-2199.02,Validation Engineers,78,5,59,47.33
51-8031.00,Water and Wastewater Treatment Plant and System Operators,78,27,50,51.67
53-7073.00,Wellhead Pumpers,78,6,19,34.33
19-3091.02,Archeologists,77,11,63,50.33
49-2091.00,Avionics Technicians,77,3,66,48.67
11-9041.01,Biofuels/Biodiesel Technology and Product Development Managers,77,3,46,42.0
19-4031.00,Chemical Technicians,77,8,58,47.67
17-2051.00,Civil Engineers,77,4,45,42.0
47-4011.00,Construction and Building Inspectors,77,11,64,50.67
47-4021.00,Elevator Installers and Repairers,77,50,64,63.67
11-9013.02,Farm and Ranch Managers,77,5,53,45.0
13-2099.04,"Fraud Examiners, Investigators and Analysts",77,5,52,44.67
53-7071.00,Gas Compressor and Gas Pumping Station Operators,77,4,66,49.0
25-1125.00,"History Teachers, Postsecondary",77,8,36,40.33
53-7041.00,Hoist and Winch Operators,77,0,58,45.0
27-1014.00,Multimedia Artists and Animators,77,0,53,43.33
43-9071.00,"Office Machine Operators, Except Computer",77,4,56,45.67
47-2073.00,Operating Engineers and Other Construction Equipment Operators,77,2,57,45.33
19-2012.00,Physicists,77,5,47,43.0
43-5081.03,"Stock Clerks- Stockroom, Warehouse, or Storage Yard",77,2,58,45.67
19-3022.00,Survey Researchers,77,0,40,39.0
17-3021.00,Aerospace Engineering and Operations Technicians,76,0,52,42.67
17-2021.00,Agricultural Engineers,76,5,45,42.0
17-2031.00,Biomedical Engineers,76,32,49,52.33
51-7011.00,Cabinetmakers and Bench Carpenters,76,0,55,43.67
49-2093.00,"Electrical and Electronics Installers and Repairers, Transportation Equipment",76,4,54,44.67
51-2023.00,Electromechanical Equipment Assemblers,76,7,59,47.33
17-2072.00,"Electronics Engineers, Except Computer",76,3,51,43.33
19-1041.00,Epidemiologists,76,23,38,45.67
51-9041.00,"Extruding, Forming, Pressing, and Compacting Machine Setters, Operators, and Tenders",76,17,66,53.0
51-2091.00,Fiberglass Laminators and Fabricators,76,3,83,54.0
51-3092.00,Food Batchmakers,76,4,56,45.33
19-4011.02,Food Science Technicians,76,12,57,48.33
17-1022.01,Geodetic Surveyors,76,5,40,40.33
27-1024.00,Graphic Designers,76,0,34,36.67
25-4031.00,Library Technicians,76,16,62,51.33
17-3029.06,Manufacturing Engineering Technologists,76,1,52,43.0
29-1069.07,Pathologists,76,76,32,61.33
51-9199.01,Recycling and Reclamation Workers,76,23,58,52.33
19-4099.03,Remote Sensing Technicians,76,0,48,41.33
47-4099.02,Solar Thermal Installers and Technicians,76,2,60,46.0
43-9111.00,Statistical Assistants,76,7,45,42.67
17-3031.01,Surveying Technicians,76,11,50,45.67
49-3023.02,Automotive Specialty Technicians,75,5,55,45.0
23-2091.00,Court Reporters,75,13,61,49.67
29-2011.01,Cytogenetic Technologists,75,83,63,73.67
47-5021.00,"Earth Drillers, Except Oil and Gas",75,8,42,41.67
17-3023.01,Electronics Engineering Technicians,75,7,54,45.33
17-2111.02,Fire-Prevention and Protection Engineers,75,11,45,43.67
25-1124.00,"Foreign Language and Literature Teachers, Postsecondary",75,12,52,46.33
51-4191.00,"Heat Treating Equipment Setters, Operators, and Tenders, Metal and Plastic",75,3,61,46.33
25-9031.01,Instructional Designers and Technologists,75,1,48,41.33
53-7062.00,"Laborers and Freight, Stock, and Material Movers, Hand",75,3,70,49.33
17-3031.02,Mapping Technicians,75,2,57,44.67
51-9195.07,Molding and Casting Workers,75,4,61,46.67
49-9063.00,Musical Instrument Repairers and Tuners,75,7,48,43.33
17-2161.00,Nuclear Engineers,75,1,46,40.67
49-3043.00,Rail Car Repairers,75,3,65,47.67
15-1133.00,"Software Developers, Systems Software",75,0,45,40.0
11-9199.10,Wind Energy Project Managers,75,1,44,40.0
51-2011.00,"Aircraft Structure, Surfaces, Rigging, and Systems Assemblers",74,9,60,47.67
25-4011.00,Archivists,74,2,44,40.0
47-2051.00,Cement Masons and Concrete Finishers,74,5,86,55.0
17-2041.00,Chemical Engineers,74,11,45,43.33
51-9121.00,"Coating, Painting, and Spraying Machine Setters, Operators, and Tenders",74,16,74,54.67
37-1012.00,"First-Line Supervisors of Landscaping, Lawn Service, and Groundskeeping Workers",74,13,72,53.0
51-3091.00,"Food and Tobacco Roasting, Baking, and Drying Machine Operators and Tenders",74,6,35,38.33
19-4092.00,Forensic Science Technicians,74,66,68,69.33
51-8092.00,Gas Plant Operators,74,17,54,48.33
19-3092.00,Geographers,74,4,47,41.67
47-4041.00,Hazardous Materials Removal Workers,74,18,67,53.0
29-2011.03,Histotechnologists and Histologic Technicians,74,75,63,70.67
51-4041.00,Machinists,74,4,52,43.33
49-9062.00,Medical Equipment Repairers,74,33,52,53.0
29-2071.00,Medical Records and Health Information Technicians,74,24,50,49.33
17-2151.00,"Mining and Geological Engineers, Including Mining Safety Engineers",74,7,48,43.0
17-3029.12,Nanotechnology Engineering Technicians,74,6,64,48.0
17-3029.11,Nanotechnology Engineering Technologists,74,6,48,42.67
17-2199.08,Robotics Engineers,74,0,55,43.0
51-7041.00,"Sawing Machine Setters, Operators, and Tenders, Wood",74,6,57,45.67
47-2231.00,Solar Photovoltaic Installers,74,2,68,48.0
11-9121.02,Water Resource Specialists,74,11,43,42.67
53-6051.01,Aviation Inspectors,73,2,54,43.0
47-2021.00,Brickmasons and Blockmasons,73,4,83,53.33
53-6011.00,Bridge and Lock Tenders,73,7,28,36.0
49-2092.00,"Electric Motor, Power Tool, and Related Repairers",73,26,60,53.0
45-3011.00,Fishers and Related Fishing Workers,73,22,70,55.0
19-1032.00,Foresters,73,3,41,39.0
19-1029.03,Geneticists,73,38,45,52.0
53-3032.00,Heavy and Tractor-Trailer Truck Drivers,73,7,42,40.67
19-2043.00,Hydrologists,73,6,39,39.33
17-2199.06,Microsystems Engineers,73,6,44,41.0
51-4072.00,"Molding, Coremaking, and Casting Machine Setters, Operators, and Tenders, Metal and Plastic",73,3,68,48.0
39-9011.01,Nannies,73,35,68,58.67
33-3041.00,Parking Enforcement Workers,73,10,37,40.0
51-4193.00,"Plating and Coating Machine Setters, Operators, and Tenders, Metal and Plastic",73,3,59,45.0
19-3094.00,Political Scientists,73,7,31,37.0
17-3024.01,Robotics Technicians,73,13,54,46.67
51-3023.00,Slaughterers and Meat Packers,73,18,73,54.67
27-4011.00,Audio and Video Equipment Technicians,72,5,60,45.67
43-9111.01,Bioinformatics Technicians,72,11,59,47.33
51-4011.00,"Computer-Controlled Machine Tool Operators, Metal and Plastic",72,1,51,41.33
17-2112.01,Human Factors Engineers and Ergonomists,72,5,49,42.0
53-7063.00,Machine Feeders and Offbearers,72,2,47,40.33
19-1022.00,Microbiologists,72,82,61,71.67
17-2199.09,Nanosystems Engineers,72,12,50,44.67
47-2071.00,"Paving, Surfacing, and Tamping Equipment Operators",72,5,55,44.0
49-3092.00,Recreational Vehicle Service Technicians,72,31,53,52.0
15-1134.00,Web Developers,72,1,44,39.0
51-4012.00,"Computer Numerically Controlled Machine Tool Programmers, Metal and Plastic",71,1,57,43.0
51-9193.00,Cooling and Freezing Equipment Operators and Tenders,71,0,49,40.0
45-1011.07,First-Line Supervisors of Agricultural Crop and Horticultural Workers,71,7,43,40.33
15-1199.05,Geographic Information Systems Technicians,71,6,46,41.0
51-9198.00,Helpers--Production Workers,71,1,54,42.0
17-2121.01,Marine Engineers,71,3,56,43.33
17-2131.00,Materials Engineers,71,2,45,39.33
19-2032.00,Materials Scientists,71,2,46,39.67
47-2142.00,Paperhangers,71,11,44,42.0
19-3041.00,Sociologists,71,7,40,39.33
53-6041.00,Traffic Technicians,71,0,48,39.67
17-3029.02,Electrical Engineering Technologists,70,3,51,41.33
13-1041.01,Environmental Compliance Inspectors,70,17,57,48.0
17-2141.01,Fuel Cell Engineers,70,0,42,37.33
37-2011.00,"Janitors and Cleaners, Except Maids and Housekeeping Cleaners",70,47,48,55.0
45-4023.00,Log Graders and Scalers,70,1,48,39.67
43-5052.00,Postal Service Mail Carriers,70,8,57,45.0
43-5053.00,"Postal Service Mail Sorters, Processors, and Processing Machine Operators",70,5,63,46.0
15-1132.00,"Software Developers, Applications",70,0,50,40.0
17-2199.11,Solar Energy Systems Engineers,70,4,50,41.33
15-2041.00,Statisticians,70,3,36,36.33
17-3011.01,Architectural Drafters,69,6,47,40.67
19-2021.00,Atmospheric and Space Scientists,69,1,46,38.67
15-2041.01,Biostatisticians,69,2,33,34.67
51-9032.00,"Cutting and Slicing Machine Setters, Operators, and Tenders",69,6,57,44.0
51-4071.00,Foundry Mold and Coremakers,69,8,69,48.67
19-2041.03,Industrial Ecologists,69,0,40,36.33
51-4192.00,"Layout Workers, Metal and Plastic",69,13,57,46.33
49-9095.00,Manufactured Building and Mobile Home Installers,69,1,73,47.67
43-5041.00,"Meter Readers, Utilities",69,27,37,44.33
25-4013.00,Museum Technicians and Conservators,69,0,55,41.33
51-9123.00,"Painting, Coating, and Decorating Workers",69,1,58,42.67
19-1021.00,Biochemists and Biophysicists,68,24,41,44.33
19-1029.01,Bioinformatics Scientists,68,15,34,39.0
15-1143.00,Computer Network Architects,68,0,39,35.67
47-2131.00,"Insulation Workers, Floor, Ceiling, and Wall",68,2,58,42.67
17-3013.00,Mechanical Drafters,68,0,50,39.33
51-4081.00,"Multiple Machine Tool Setters, Operators, and Tenders, Metal and Plastic",68,13,58,46.33
19-2099.01,Remote Sensing Scientists and Technologists,68,0,40,36.0
15-1199.10,Search Marketing Strategists,68,0,44,37.33
51-9141.00,Semiconductor Processors,68,0,60,42.67
19-1013.00,Soil and Plant Scientists,68,5,41,38.0
45-2091.00,Agricultural Equipment Operators,67,4,39,36.67
51-9192.00,"Cleaning, Washing, and Metal Pickling Equipment Operators and Tenders",67,13,32,37.33
35-2014.00,"Cooks, Restaurant",67,10,81,52.67
51-4032.00,"Drilling and Boring Machine Tool Setters, Operators, and Tenders, Metal and Plastic",67,2,48,39.0
47-2081.00,Drywall and Ceiling Tile Installers,67,6,61,44.67
49-2096.00,"Electronic Equipment Installers and Repairers, Motor Vehicles",67,3,58,42.67
19-2042.00,"Geoscientists, Except Hydrologists and Geographers",67,7,40,38.0
53-7111.00,Mine Shuttle Car Operators,67,7,49,41.0
39-3021.00,Motion Picture Projectionists,67,2,37,35.33
15-2031.00,Operations Research Analysts,67,3,41,37.0
19-4061.00,Social Science Research Assistants,67,0,47,38.0
51-6064.00,"Textile Winding, Twisting, and Drawing Out Machine Setters, Operators, and Tenders",67,5,64,45.33
49-9064.00,Watch Repairers,67,1,66,44.67
51-4121.06,"Welders, Cutters, and Welder Fitters",67,1,46,38.0
17-2199.10,Wind Energy Engineers,67,1,38,35.33
15-2011.00,Actuaries,66,0,35,33.67
51-2021.00,"Coil Winders, Tapers, and Finishers",66,2,58,42.0
51-9081.00,Dental Laboratory Technicians,66,72,53,63.67
51-9051.00,"Furnace, Kiln, Oven, Drier, and Kettle Operators and Tenders",66,14,61,47.0
51-9071.01,Jewelers,66,0,60,42.0
31-9094.00,Medical Transcriptionists,66,21,42,43.0
51-4061.00,"Model Makers, Metal and Plastic",66,16,71,51.0
51-7032.00,"Patternmakers, Wood",66,0,56,40.67
37-3012.00,"Pesticide Handlers, Sprayers, and Applicators, Vegetation",66,9,29,34.67
51-9197.00,Tire Builders,66,3,57,42.0
23-2093.00,"Title Examiners, Abstractors, and Searchers",66,1,50,39.0
51-4194.00,"Tool Grinders, Filers, and Sharpeners",66,0,47,37.67
51-6093.00,Upholsterers,66,2,62,43.33
51-7042.00,"Woodworking Machine Setters, Operators, and Tenders, Except Sawing",66,1,51,39.33
35-9021.00,Dishwashers,65,30,63,52.67
45-2041.00,"Graders and Sorters, Agricultural Products",65,7,84,52.0
51-9022.00,"Grinding and Polishing Workers, Hand",65,3,61,43.0
47-3011.00,"Helpers--Brickmasons, Blockmasons, Stonemasons, and Tile and Marble Setters",65,9,66,46.67
23-1012.00,Judicial Law Clerks,65,3,33,33.67
53-7033.00,"Loading Machine Operators, Underground Mining",65,4,59,42.67
45-2092.01,Nursery Workers,65,1,39,35.0
51-4121.07,Solderers and Brazers,65,0,52,39.0
15-1199.03,Web Administrators,65,0,41,35.33
49-3021.00,Automotive Body and Related Repairers,64,0,46,36.67
35-2013.00,"Cooks, Private Household",64,6,21,30.33
49-9093.00,"Fabric Menders, Except Garment",64,26,58,49.33
13-2099.01,Financial Quantitative Analysts,64,0,46,36.67
15-1199.04,Geospatial Information Scientists and Technologists,64,1,44,36.33
51-5113.00,Print Binding and Finishing Workers,64,0,55,39.67
51-6031.00,Sewing Machine Operators,64,0,62,42.0
47-2053.00,Terrazzo Workers and Finishers,64,7,67,46.0
47-3016.00,Helpers--Roofers,63,5,62,43.33
51-4035.00,"Milling and Planing Machine Setters, Operators, and Tenders, Metal and Plastic",63,1,53,39.0
51-4033.00,"Grinding, Lapping, Polishing, and Buffing Machine Tool Setters, Operators, and Tenders, Metal and Plastic",62,5,55,40.67
51-4051.00,Metal-Refining Furnace Operators and Tenders,62,2,43,35.67
49-3011.00,Aircraft Mechanics and Service Technicians,61,4,54,39.67
19-2011.00,Astronomers,61,1,31,31.0
49-9061.00,Camera and Photographic Equipment Repairers,61,0,38,33.0
17-2061.00,Computer Hardware Engineers,61,0,44,35.0
53-7011.00,Conveyor Operators and Tenders,61,5,37,34.33
15-1199.07,Data Warehousing Specialists,61,0,45,35.33
19-3011.01,Environmental Economists,61,0,29,30.0
51-4021.00,"Extruding and Drawing Machine Setters, Operators, and Tenders, Metal and Plastic",61,12,51,41.33
51-9071.07,Precious Metal Workers,61,0,61,40.67
51-6021.00,"Pressers, Textile, Garment, and Related Materials",61,4,35,33.33
51-4111.00,Tool and Die Makers,61,0,57,39.33
51-9031.00,"Cutters and Trimmers, Hand",60,1,34,31.67
51-4031.00,"Cutting, Punching, and Press Machine Setters, Operators, and Tenders, Metal and Plastic",60,1,50,37.0
51-2022.00,Electrical and Electronic Equipment Assemblers,60,3,59,40.67
51-9194.00,Etchers and Engravers,60,0,46,35.33
51-9083.00,Ophthalmic Laboratory Technicians,60,29,63,50.67
51-9195.03,"Stone Cutters and Carvers, Manufacturing",60,2,54,38.67
53-7061.00,Cleaners of Vehicles and Equipment,59,16,55,43.33
19-3011.00,Economists,59,6,33,32.67
15-2021.00,Mathematicians,59,1,40,33.33
19-1029.02,Molecular and Cellular Biologists,59,36,53,49.33
47-2082.00,Tapers,59,9,55,41.0
51-6062.00,"Textile Cutting Machine Setters, Operators, and Tenders",59,0,54,37.67
45-2021.00,Animal Breeders,58,27,33,39.33
29-2011.02,Cytotechnologists,58,80,49,62.33
47-2043.00,Floor Sanders and Finishers,58,1,62,40.33
51-7021.00,Furniture Finishers,58,2,54,38.0
35-2011.00,"Cooks, Fast Food",57,11,65,44.33
51-9195.04,"Glass Blowers, Molders, Benders, and Finishers",57,4,63,41.33
45-3021.00,Hunters and Trappers,56,67,17,46.67
51-6011.00,Laundry and Dry-Cleaning Workers,56,55,53,54.67
17-3029.08,Photonics Technicians,56,4,49,36.33
53-7081.00,Refuse and Recyclable Material Collectors,56,63,31,50.0
37-3011.00,Landscaping and Groundskeeping Workers,55,9,76,46.67
47-5051.00,"Rock Splitters, Quarry",55,0,43,32.67
51-9012.00,"Separating, Filtering, Clarifying, Precipitating, and Still Machine Setters, Operators, and Tenders",55,5,48,36.0
51-4034.00,"Lathe and Turning Machine Tool Setters, Operators, and Tenders, Metal and Plastic",54,8,48,36.67
27-1012.00,Craft Artists,53,2,34,29.67
51-6063.00,"Textile Knitting and Weaving Machine Setters, Operators, and Tenders",53,4,44,33.67
51-4122.00,"Welding, Soldering, and Brazing Machine Setters, Operators, and Tenders",53,0,42,31.67
27-1013.00,"Fine Artists, Including Painters, Sculptors, and Illustrators",51,0,9,20.0
51-6051.00,"Sewers, Hand",51,1,37,29.67
27-2041.04,Music Composers and Arrangers,50,0,32,27.33
51-6042.00,Shoe Machine Operators and Tenders,50,1,61,37.33
51-9195.05,"Potters, Manufacturing",49,1,45,31.67
19-4041.02,Geological Sample Test Technicians,48,4,44,32.0
51-4052.00,"Pourers and Casters, Metal",47,7,57,37.0
45-4021.00,Fallers,46,1,7,18.0
51-3022.00,"Meat, Poultry, and Fish Cutters and Trimmers",46,25,85,52.0
51-9122.00,"Painters, Transportation Equipment",46,0,48,31.33
27-3043.05,"Poets, Lyricists and Creative Writers",44,0,14,19.33
45-2092.02,"Farmworkers and Laborers, Crop",40,1,24,21.67
